{
	"textures": {
		"herobrine": "miscellaneous/herobrine",
		"particle": "miscellaneous/herobrine"
	},
	"elements": [
		{
			"name": "steve_right_leg",
			"from": [4, -0.5, 6],
			"to": [8, 11.5, 10],
			"faces": {
				"north": {
					"uv": [3.01, 5.01, 3.99, 7.99],
					"texture": "#herobrine"
				},
				"east": {
					"uv": [2.01, 5.01, 2.99, 7.99],
					"texture": "#herobrine"
				},
				"south": {
					"uv": [1.01, 5.01, 1.99, 7.99],
					"texture": "#herobrine"
				},
				"west": {
					"uv": [0.01, 5.01, 0.99, 7.99],
					"texture": "#herobrine"
				},
				"up": {
					"uv": [1.01, 4.01, 1.99, 4.99],
					"texture": "#herobrine"
				},
				"down": {
					"uv": [2.01, 4.01, 2.99, 4.99],
					"texture": "#herobrine",
					"rotation": 180
				}
			}
		},
		{
			"name": "steve_left_leg",
			"from": [8, -0.5, 6],
			"to": [12, 11.5, 10],
			"faces": {
				"north": {
					"uv": [4.01953125, 5, 3, 7.9796875],
					"texture": "#herobrine"
				},
				"east": {
					"uv": [2, 5, 2.9796875, 7.9796875],
					"texture": "#herobrine"
				},
				"south": {
					"uv": [1, 5, 1.9796875, 7.9796875],
					"texture": "#herobrine"
				},
				"west": {
					"uv": [0, 5, 0.9796875, 7.9796875],
					"texture": "#herobrine"
				},
				"up": {
					"uv": [1, 4, 1.9796875, 4.9796875],
					"texture": "#herobrine"
				},
				"down": {
					"uv": [1, 4, 1.9796875, 4.9796875],
					"texture": "#herobrine",
					"rotation": 180
				}
			}
		},
		{
			"name": "steve_body",
			"from": [4, 11.5, 6],
			"to": [12, 23.5, 10],
			"faces": {
				"north": {
					"uv": [8.01, 5.01, 9.99, 7.99],
					"texture": "#herobrine"
				},
				"east": {
					"uv": [7.01, 5.01, 7.99, 7.99],
					"texture": "#herobrine"
				},
				"south": {
					"uv": [5.01, 5.01, 6.99, 7.99],
					"texture": "#herobrine"
				},
				"west": {
					"uv": [4.01, 5.01, 4.99, 7.99],
					"texture": "#herobrine"
				},
				"up": {
					"uv": [5.01, 4.01, 6.99, 4.99],
					"texture": "#herobrine"
				},
				"down": {
					"uv": [7.01, 4.01, 8.99, 4.99],
					"texture": "#herobrine"
				}
			}
		},
		{
			"name": "steve_head",
			"from": [4, 23.5, 4],
			"to": [12, 31.5, 12],
			"faces": {
				"north": {
					"uv": [6.01, 2.01, 6.99, 3.99],
					"texture": "#herobrine"
				},
				"east": {
					"uv": [4.01, 2.01, 5.99, 3.99],
					"texture": "#herobrine"
				},
				"south": {
					"uv": [2.01, 2.01, 3.99, 3.99],
					"texture": "#herobrine"
				},
				"west": {
					"uv": [0.01, 2.01, 1.99, 3.99],
					"texture": "#herobrine"
				},
				"up": {
					"uv": [2.01, 0.01, 3.99, 1.99],
					"texture": "#herobrine"
				},
				"down": {
					"uv": [4.01, 0.01, 5.99, 1.99],
					"texture": "#herobrine",
					"rotation": 180
				}
			}
		},
		{
			"name": "steve_right_arm",
			"from": [0, 11.5, 6],
			"to": [4, 23.5, 10],
			"faces": {
				"north": {
					"uv": [13.01, 5.01, 13.99, 7.99],
					"texture": "#herobrine"
				},
				"east": {
					"uv": [10.01, 5.01, 10.99, 7.99],
					"texture": "#herobrine"
				},
				"south": {
					"uv": [11.01, 5.01, 11.99, 7.99],
					"texture": "#herobrine"
				},
				"west": {
					"uv": [12.01, 5.01, 12.99, 7.99],
					"texture": "#herobrine"
				},
				"up": {
					"uv": [11.01, 4.01, 11.99, 4.99],
					"texture": "#herobrine"
				},
				"down": {
					"uv": [12.01, 4.01, 12.99, 4.99],
					"texture": "#herobrine"
				}
			}
		},
		{
			"name": "steve_left_arm",
			"from": [12, 11.5, 6],
			"to": [16, 23.5, 10],
			"faces": {
				"north": {
					"uv": [13, 5, 13.9796875, 7.9796875],
					"texture": "#herobrine"
				},
				"east": {
					"uv": [12, 5, 12.9796875, 7.9796875],
					"texture": "#herobrine"
				},
				"south": {
					"uv": [11, 5, 11.9796875, 7.9796875],
					"texture": "#herobrine"
				},
				"west": {
					"uv": [10, 5, 10.9796875, 7.9796875],
					"texture": "#herobrine"
				},
				"up": {
					"uv": [11, 4, 11.9796875, 4.9796875],
					"texture": "#herobrine"
				},
				"down": {
					"uv": [12, 4, 12.9796875, 4.9796875],
					"texture": "#herobrine"
				}
			}
		}
	],
	"groups": [0, 1, 2, 3, 4, 5],
	"display": {
		"thirdperson_righthand": {
			"scale": [0.375, 0.375, 0.375],
			"rotation": [75, 45, 0],
			"translation": [0, 2.5, 0]
		},
		"head": {
			"scale": [1.7, 1.7, 1.7],
			"translation": [0, -32, 0],
			"rotation": [0, 180, 0]
		},
		"thirdperson_lefthand": {
			"scale": [0.375, 0.375, 0.375],
			"rotation": [75, 45, 0],
			"translation": [0, 2.5, 0]
		},
		"firstperson_righthand": {
			"scale": [0.4, 0.4, 0.4],
			"rotation": [0, 45, 0],
			"translation": [0, 0, 0]
		},
		"firstperson_lefthand": {
			"scale": [0.4, 0.4, 0.4],
			"rotation": [0, 225, 0],
			"translation": [0, 0, 0]
		},
		"ground": {
			"scale": [0.25, 0.25, 0.25],
			"rotation": [0, 0, 0],
			"translation": [0, 3, 0]
		},
		"fixed": {
			"scale": [0.5, 0.5, 0.5],
			"rotation": [0, 0, 0],
			"translation": [0, -4, 0]
		},
		"gui": {
			"scale": [0.4, 0.4, 0.4],
			"translation": [0, -2.5, 0],
			"rotation": [30, 225, 0]
		}
	}
}