{
	"parent": "item/handheld",
	"textures": {
		"layer0": "items/carrot_on_a_stick"
	},
	"overrides": [
		{ "predicate": {"damaged": 0, "damage": 0}, "model": "item/default/carrot_on_a_stick"},
		{ "predicate": {"damaged": 0, "damage": 0.038461538461538464}, "model": "miscellaneous/loot_fireworks"},
		{ "predicate": {"damaged": 0, "damage": 0.07692307692307693}, "model": "item/default/carrot_on_a_stick"},
		{ "predicate": {"damaged": 0, "damage": 0.11538461538461539}, "model": "item/default/carrot_on_a_stick"},
		{ "predicate": {"damaged": 0, "damage": 0.15384615384615385}, "model": "item/default/carrot_on_a_stick"},
		{ "predicate": {"damaged": 0, "damage": 0.19230769230769232}, "model": "item/default/carrot_on_a_stick"},
		{ "predicate": {"damaged": 0, "damage": 0.23076923076923078}, "model": "item/default/carrot_on_a_stick"},
		{ "predicate": {"damaged": 0, "damage": 0.2692307692307693}, "model": "item/default/carrot_on_a_stick"},
		{ "predicate": {"damaged": 0, "damage": 0.3076923076923077}, "model": "item/default/carrot_on_a_stick"},
		{ "predicate": {"damaged": 0, "damage": 0.34615384615384615}, "model": "item/default/carrot_on_a_stick"},
		{ "predicate": {"damaged": 0, "damage": 0.38461538461538464}, "model": "item/default/carrot_on_a_stick"},
		{ "predicate": {"damaged": 0, "damage": 0.42307692307692313}, "model": "item/default/carrot_on_a_stick"},
		{ "predicate": {"damaged": 0, "damage": 0.46153846153846156}, "model": "item/default/carrot_on_a_stick"},
		{ "predicate": {"damaged": 0, "damage": 0.5}, "model": "item/default/carrot_on_a_stick"},
		{ "predicate": {"damaged": 0, "damage": 0.5384615384615385}, "model": "item/default/carrot_on_a_stick"},
		{ "predicate": {"damaged": 0, "damage": 0.576923076923077}, "model": "item/default/carrot_on_a_stick"},
		{ "predicate": {"damaged": 0, "damage": 0.6153846153846154}, "model": "item/default/carrot_on_a_stick"},
		{ "predicate": {"damaged": 0, "damage": 0.6538461538461539}, "model": "item/default/carrot_on_a_stick"},
		{ "predicate": {"damaged": 0, "damage": 0.6923076923076923}, "model": "item/default/carrot_on_a_stick"},
		{ "predicate": {"damaged": 0, "damage": 0.7307692307692308}, "model": "item/default/carrot_on_a_stick"},
		{ "predicate": {"damaged": 0, "damage": 0.7692307692307693}, "model": "item/default/carrot_on_a_stick"},
		{ "predicate": {"damaged": 0, "damage": 0.8076923076923077}, "model": "item/default/carrot_on_a_stick"},
		{ "predicate": {"damaged": 0, "damage": 0.8461538461538463}, "model": "item/default/carrot_on_a_stick"},
		{ "predicate": {"damaged": 0, "damage": 0.8846153846153847}, "model": "item/default/carrot_on_a_stick"},
		{ "predicate": {"damaged": 0, "damage": 0.9230769230769231}, "model": "item/default/carrot_on_a_stick"},
		{ "predicate": {"damaged": 0, "damage": 0.9615384615384616}, "model": "item/default/carrot_on_a_stick"},
		{ "predicate": {"damaged": 1, "damage": 0}, "model": "item/default/carrot_on_a_stick"}
	]
}