{
    "variants": {
        "powered=false,shape=north_south":  { "model": "pipe_flat" },
        "powered=false,shape=east_west":  { "model": "pipe_flat", "y": 90 },
		"powered=false,shape=ascending_north": { "model": "pipe_raised" },
        "powered=false,shape=ascending_east": { "model": "pipe_raised", "y": 90 },
		"powered=false,shape=ascending_south": { "model": "pipe_raised", "y": 180 },
        "powered=false,shape=ascending_west": { "model": "pipe_raised", "y": 270 },
        "powered=true,shape=north_south":  { "model": "pipe_flat" },
        "powered=true,shape=east_west":  { "model": "pipe_flat", "y": 90 },
		"powered=true,shape=ascending_north": { "model": "pipe_raised" },
        "powered=true,shape=ascending_east": { "model": "pipe_raised", "y": 90 },
		"powered=true,shape=ascending_south": { "model": "pipe_raised", "y": 180 },
        "powered=true,shape=ascending_west": { "model": "pipe_raised", "y": 270 }
    }
}
