{
    "variants": {
        "shape=north_south": { "model": "pipe_flat" },
        "shape=east_west": { "model": "pipe_flat", "y": 90 },
		"shape=ascending_north": { "model": "pipe_raised" },
        "shape=ascending_east": { "model": "pipe_raised", "y": 90 },
		"shape=ascending_south": { "model": "pipe_raised", "y": 180 },
        "shape=ascending_west": { "model": "pipe_raised", "y": 270 },
        "shape=south_east": { "model": "pipe_curved" },
        "shape=south_west": { "model": "pipe_curved", "y": 90 },
        "shape=north_west": { "model": "pipe_curved", "y": 180 },
        "shape=north_east": { "model": "pipe_curved", "y": 270 }
    }
}
