{
	"textures": {
		"1": "blocks/wool_colored_gray",
		"glass": "blocks/glass",
		"particle": "blocks/glass"
	},
	"elements": [
		{
			"name": "wall",
			"from": [15, 1, -12],
			"to": [15, 10, 8.625],
			"shade": true,
			"faces": {
				"east": {"uv": [1, 1, 15, 10], "texture": "#glass"}
			},
			"rotation": {
				"origin": [8, 0, 16],
				"axis": "x",
				"angle": 45
			}
		},
		{
			"name": "wall",
			"from": [1, 1, -12],
			"to": [1, 10, 8.625],
			"shade": true,
			"faces": {
				"west": {"uv": [1, 6, 15, 15], "texture": "#glass"}
			},
			"rotation": {
				"origin": [8, 0, 16],
				"axis": "x",
				"angle": 45
			}
		},
		{
			"name": "roof",
			"from": [1, 10, -15],
			"to": [15, 10, 5.625],
			"shade": true,
			"faces": {
				"up": {
					"uv": [1, 1, 15, 15],
					"texture": "#glass",
					"rotation": 180
				}
			},
			"rotation": {
				"origin": [8, 0, 16],
				"axis": "x",
				"angle": 45
			}
		},
		{
			"name": "floor",
			"from": [1, 1, -9],
			"to": [15, 1, 11.625],
			"shade": true,
			"faces": {
				"down": {
					"uv": [1, 1, 15, 15],
					"texture": "#glass",
					"rotation": 180
				}
			},
			"rotation": {
				"origin": [8, 0, 16],
				"axis": "x",
				"angle": 45
			}
		},
		{
			"name": "border",
			"from": [0, 16, 0],
			"to": [15, 17, 1],
			"shade": true,
			"faces": {
				"north": {"uv": [0, 0, 15, 1], "texture": "#1"},
				"south": {"uv": [0, 0, 15, 1], "texture": "#1"},
				"west": {"uv": [0, 0, 1, 1], "texture": "#1"},
				"up": {"uv": [0, 0, 15, 1], "texture": "#1"},
				"down": {"uv": [0, 0, 15, 1], "texture": "#1"}
			},
			"rotation": {
				"origin": [8, 0, 16],
				"axis": "x",
				"angle": 0
			}
		},
		{
			"name": "border",
			"from": [15, 16, 0],
			"to": [16, 31, 1],
			"shade": true,
			"faces": {
				"north": {"uv": [0, 0, 1, 15], "texture": "#1"},
				"east": {"uv": [0, 0, 1, 15], "texture": "#1"},
				"south": {"uv": [0, 0, 1, 15], "texture": "#1"},
				"west": {"uv": [0, 0, 1, 15], "texture": "#1"},
				"down": {"uv": [0, 0, 1, 1], "texture": "#1"}
			},
			"rotation": {
				"origin": [8, 0, 16],
				"axis": "x",
				"angle": 0
			}
		},
		{
			"name": "border",
			"from": [1, 31, 0],
			"to": [16, 32, 1],
			"shade": true,
			"faces": {
				"north": {"uv": [0, 0, 15, 1], "texture": "#1"},
				"east": {"uv": [0, 0, 1, 1], "texture": "#1"},
				"south": {"uv": [0, 0, 15, 1], "texture": "#1"},
				"up": {"uv": [0, 0, 15, 1], "texture": "#1"},
				"down": {"uv": [0, 0, 15, 1], "texture": "#1"}
			},
			"rotation": {
				"origin": [8, 0, 16],
				"axis": "x",
				"angle": 0
			}
		},
		{
			"name": "border",
			"from": [0, 17, 0],
			"to": [1, 32, 1],
			"shade": true,
			"faces": {
				"north": {"uv": [0, 0, 1, 15], "texture": "#1"},
				"east": {"uv": [0, 0, 1, 15], "texture": "#1"},
				"south": {"uv": [0, 0, 1, 15], "texture": "#1"},
				"west": {"uv": [0, 0, 1, 15], "texture": "#1"},
				"up": {"uv": [0, 0, 1, 1], "texture": "#1"}
			},
			"rotation": {
				"origin": [8, 0, 16],
				"axis": "x",
				"angle": 0
			}
		},
		{
			"name": "border",
			"from": [1, 15, 15],
			"to": [16, 16, 16],
			"shade": true,
			"faces": {
				"north": {"uv": [0, 0, 15, 1], "texture": "#1"},
				"east": {"uv": [0, 0, 1, 1], "texture": "#1"},
				"south": {"uv": [0, 0, 15, 1], "texture": "#1"},
				"up": {"uv": [0, 0, 15, 1], "texture": "#1"},
				"down": {"uv": [0, 0, 15, 1], "texture": "#1"}
			},
			"rotation": {
				"origin": [8, 0, 16],
				"axis": "x",
				"angle": 0
			}
		},
		{
			"name": "border",
			"from": [15, 0, 15],
			"to": [16, 15, 16],
			"shade": true,
			"faces": {
				"north": {"uv": [0, 0, 1, 15], "texture": "#1"},
				"east": {"uv": [0, 0, 1, 15], "texture": "#1"},
				"south": {"uv": [0, 0, 1, 15], "texture": "#1"},
				"west": {"uv": [0, 0, 1, 15], "texture": "#1"},
				"down": {"uv": [0, 0, 1, 1], "texture": "#1"}
			},
			"rotation": {
				"origin": [8, 0, 16],
				"axis": "x",
				"angle": 0
			}
		},
		{
			"name": "border",
			"from": [0, 0, 15],
			"to": [15, 1, 16],
			"shade": true,
			"faces": {
				"north": {"uv": [0, 0, 15, 1], "texture": "#1"},
				"south": {"uv": [0, 0, 15, 1], "texture": "#1"},
				"west": {"uv": [0, 0, 1, 1], "texture": "#1"},
				"up": {"uv": [0, 0, 15, 1], "texture": "#1"},
				"down": {"uv": [0, 0, 15, 1], "texture": "#1"}
			},
			"rotation": {
				"origin": [8, 0, 16],
				"axis": "x",
				"angle": 0
			}
		},
		{
			"name": "border",
			"from": [0, 1, 15],
			"to": [1, 16, 16],
			"shade": true,
			"faces": {
				"north": {"uv": [0, 0, 1, 15], "texture": "#1"},
				"east": {"uv": [0, 0, 1, 15], "texture": "#1"},
				"south": {"uv": [0, 0, 1, 15], "texture": "#1"},
				"west": {"uv": [0, 0, 1, 15], "texture": "#1"},
				"up": {"uv": [0, 0, 1, 1], "texture": "#1"}
			},
			"rotation": {
				"origin": [8, 0, 16],
				"axis": "x",
				"angle": 0
			}
		}
	],
	"groups": []
}