{
	"textures": {
		"1": "blocks/wool_colored_gray",
		"glass": "blocks/glass",
		"particle": "blocks/glass"
	},
	"elements": [
		{
			"name": "wall",
			"from": [1, 1, 1],
			"to": [15, 15, 1],
			"shade": true,
			"faces": {
				"north": {"uv": [1, 1, 15, 15], "texture": "#glass"}
			}
		},
		{
			"name": "wall",
			"from": [1, 1, 1],
			"to": [1, 15, 15],
			"shade": true,
			"faces": {
				"west": {"uv": [1, 1, 15, 15], "texture": "#glass"}
			}
		},
		{
			"name": "roof",
			"from": [1, 15, 1],
			"to": [15, 15, 15],
			"shade": true,
			"faces": {
				"up": {
					"uv": [1, 1, 15, 15],
					"texture": "#glass",
					"rotation": 180
				}
			}
		},
		{
			"name": "floor",
			"from": [1, 1, 1],
			"to": [15, 1, 15],
			"shade": true,
			"faces": {
				"down": {
					"uv": [1, 1, 15, 15],
					"texture": "#glass",
					"rotation": 180
				}
			}
		},
		{
			"name": "border",
			"from": [15, 0, 0],
			"to": [16, 1, 15],
			"shade": true,
			"faces": {
				"north": {"uv": [0, 0, 1, 1], "texture": "#1"},
				"east": {"uv": [0, 0, 15, 1], "texture": "#1"},
				"west": {"uv": [0, 0, 15, 1], "texture": "#1"},
				"up": {
					"uv": [0, 0, 15, 1],
					"texture": "#1",
					"rotation": 90
				},
				"down": {
					"uv": [0, 0, 15, 1],
					"texture": "#1",
					"rotation": 270
				}
			}
		},
		{
			"name": "border",
			"from": [15, 0, 15],
			"to": [16, 15, 16],
			"shade": true,
			"faces": {
				"north": {"uv": [0, 0, 1, 15], "texture": "#1"},
				"east": {"uv": [0, 0, 1, 15], "texture": "#1"},
				"south": {"uv": [0, 0, 1, 15], "texture": "#1"},
				"west": {"uv": [0, 0, 1, 15], "texture": "#1"},
				"down": {
					"uv": [0, 0, 1, 1],
					"texture": "#1",
					"rotation": 270
				}
			}
		},
		{
			"name": "border",
			"from": [15, 15, 1],
			"to": [16, 16, 15],
			"shade": true,
			"faces": {
				"east": {"uv": [0, 0, 14, 1], "texture": "#1"},
				"west": {"uv": [0, 0, 14, 1], "texture": "#1"},
				"up": {
					"uv": [0, 0, 14, 1],
					"texture": "#1",
					"rotation": 90
				},
				"down": {
					"uv": [0, 0, 14, 1],
					"texture": "#1",
					"rotation": 270
				}
			}
		},
		{
			"name": "border",
			"from": [15, 1, 0],
			"to": [16, 16, 1],
			"shade": true,
			"faces": {
				"north": {"uv": [0, 0, 1, 15], "texture": "#1"},
				"east": {"uv": [0, 0, 1, 15], "texture": "#1"},
				"south": {"uv": [0, 0, 1, 15], "texture": "#1"},
				"west": {"uv": [0, 0, 1, 15], "texture": "#1"},
				"up": {
					"uv": [0, 0, 1, 1],
					"texture": "#1",
					"rotation": 90
				}
			}
		},
		{
			"name": "border",
			"from": [1, 15, 15],
			"to": [16, 16, 16],
			"shade": true,
			"faces": {
				"north": {"uv": [0, 0, 15, 1], "texture": "#1"},
				"east": {"uv": [0, 0, 1, 1], "texture": "#1"},
				"south": {"uv": [0, 0, 15, 1], "texture": "#1"},
				"up": {"uv": [0, 0, 15, 1], "texture": "#1"},
				"down": {"uv": [0, 0, 15, 1], "texture": "#1"}
			}
		},
		{
			"name": "border",
			"from": [0, 0, 15],
			"to": [15, 1, 16],
			"shade": true,
			"faces": {
				"north": {"uv": [0, 0, 15, 1], "texture": "#1"},
				"south": {"uv": [0, 0, 15, 1], "texture": "#1"},
				"west": {"uv": [0, 0, 1, 1], "texture": "#1"},
				"up": {"uv": [0, 0, 15, 1], "texture": "#1"},
				"down": {"uv": [0, 0, 15, 1], "texture": "#1"}
			}
		},
		{
			"name": "border",
			"from": [0, 1, 15],
			"to": [1, 16, 16],
			"shade": true,
			"faces": {
				"north": {"uv": [0, 0, 1, 15], "texture": "#1"},
				"east": {"uv": [0, 0, 1, 15], "texture": "#1"},
				"south": {"uv": [0, 0, 1, 15], "texture": "#1"},
				"west": {"uv": [0, 0, 1, 15], "texture": "#1"},
				"up": {"uv": [0, 0, 1, 1], "texture": "#1"}
			}
		}
	],
	"groups": []
}