{
	"textures": {
		"car_parts": "car/car_parts",
		"window": "car/window",
		"seat": "car/seat",
		"steer": "car/steer",
		"car_color": "car/car_gray",
		"particle": "car/car_gray"
	},
	"elements": [
		{
			"name": "light_back_left",
			"from": [2, 5, 20.5],
			"to": [4, 6, 21.5],
			"shade": true,
			"faces": {
				"north": {"uv": [0, 12, 4, 16], "texture": "#car_parts"},
				"east": {"uv": [0, 12, 4, 16], "texture": "#car_parts"},
				"south": {"uv": [0, 12, 4, 16], "texture": "#car_parts"},
				"west": {"uv": [0, 12, 4, 16], "texture": "#car_parts"},
				"up": {"uv": [0, 12, 4, 16], "texture": "#car_parts"},
				"down": {"uv": [0, 12, 4, 16], "texture": "#car_parts"}
			}
		},
		{
			"name": "light_back_right",
			"from": [12, 5, 20.5],
			"to": [14, 6, 21.5],
			"shade": true,
			"faces": {
				"north": {"uv": [0, 12, 4, 16], "texture": "#car_parts"},
				"east": {"uv": [0, 12, 4, 16], "texture": "#car_parts"},
				"south": {"uv": [0, 12, 4, 16], "texture": "#car_parts"},
				"west": {"uv": [0, 12, 4, 16], "texture": "#car_parts"},
				"up": {"uv": [0, 12, 4, 16], "texture": "#car_parts"},
				"down": {"uv": [0, 12, 4, 16], "texture": "#car_parts"}
			}
		},
		{
			"name": "back",
			"from": [1, 2, 18.625],
			"to": [15, 7, 21.25],
			"shade": true,
			"faces": {
				"north": {"uv": [0, 0, 14, 5], "texture": "#car_color"},
				"east": {"uv": [0, 0, 2.625, 5], "texture": "#car_color"},
				"south": {"uv": [0, 0, 14, 5], "texture": "#car_color"},
				"west": {"uv": [0, 0, 2.625, 5], "texture": "#car_color"},
				"up": {
					"uv": [0, 0, 2.625, 14],
					"texture": "#car_color",
					"rotation": 270
				},
				"down": {
					"uv": [0, 0, 2.625, 14],
					"texture": "#car_color",
					"rotation": 90
				}
			}
		},
		{
			"name": "bumper_back",
			"from": [0.5, 1.6, 20],
			"to": [15.5, 3.6, 21.5],
			"shade": true,
			"faces": {
				"north": {"uv": [8, 0, 12, 4], "texture": "#car_parts"},
				"east": {"uv": [8, 0, 12, 4], "texture": "#car_parts"},
				"south": {"uv": [8, 0, 12, 4], "texture": "#car_parts"},
				"west": {"uv": [8, 0, 12, 4], "texture": "#car_parts"},
				"up": {"uv": [8, 0, 12, 4], "texture": "#car_parts"},
				"down": {"uv": [8, 0, 12, 4], "texture": "#car_parts"}
			}
		},
		{
			"name": "number_plate_back",
			"from": [7, 2, 21],
			"to": [9, 3, 22],
			"shade": true,
			"faces": {
				"north": {"uv": [0, 0, 4, 4], "texture": "#car_parts"},
				"east": {"uv": [0, 0, 4, 4], "texture": "#car_parts"},
				"south": {"uv": [0, 0, 4, 4], "texture": "#car_parts"},
				"west": {"uv": [0, 0, 4, 4], "texture": "#car_parts"},
				"up": {"uv": [0, 0, 4, 4], "texture": "#car_parts"},
				"down": {"uv": [0, 0, 4, 4], "texture": "#car_parts"}
			}
		},
		{
			"name": "wheel_back_left",
			"from": [1.200000000000001, 1.450000000000001, 14.2],
			"to": [2.6000000000000014, 2.8500000000000014, 18.4],
			"shade": true,
			"faces": {
				"north": {"uv": [12, 0, 16, 4], "texture": "#car_parts"},
				"east": {"uv": [12, 0, 16, 4], "texture": "#car_parts"},
				"south": {"uv": [12, 0, 16, 4], "texture": "#car_parts"},
				"west": {"uv": [12, 0, 16, 4], "texture": "#car_parts"},
				"up": {"uv": [12, 0, 16, 4], "texture": "#car_parts"},
				"down": {"uv": [12, 0, 16, 4], "texture": "#car_parts"}
			}
		},
		{
			"name": "wheel_back_left",
			"from": [
				1.200000000000001,
				0.05000000000000071,
				15.600000000000001
			],
			"to": [2.6000000000000014, 4.25, 17],
			"shade": true,
			"faces": {
				"north": {"uv": [12, 0, 16, 4], "texture": "#car_parts"},
				"east": {"uv": [12, 0, 16, 4], "texture": "#car_parts"},
				"south": {"uv": [12, 0, 16, 4], "texture": "#car_parts"},
				"west": {"uv": [12, 0, 16, 4], "texture": "#car_parts"},
				"up": {"uv": [12, 0, 16, 4], "texture": "#car_parts"},
				"down": {"uv": [12, 0, 16, 4], "texture": "#car_parts"}
			}
		},
		{
			"name": "wheel_back_left",
			"from": [1.200000000000001, 0.33000000000000007, 15.04],
			"to": [
				2.6000000000000014,
				3.9700000000000015,
				15.600000000000001
			],
			"shade": true,
			"faces": {
				"north": {"uv": [12, 0, 16, 4], "texture": "#car_parts"},
				"east": {"uv": [12, 0, 16, 4], "texture": "#car_parts"},
				"south": {"uv": [12, 0, 16, 4], "texture": "#car_parts"},
				"west": {"uv": [12, 0, 16, 4], "texture": "#car_parts"},
				"up": {"uv": [12, 0, 16, 4], "texture": "#car_parts"},
				"down": {"uv": [12, 0, 16, 4], "texture": "#car_parts"}
			}
		},
		{
			"name": "wheel_back_left",
			"from": [1.200000000000001, 0.33000000000000007, 17],
			"to": [
				2.6000000000000014,
				3.9700000000000015,
				17.559999999999995
			],
			"shade": true,
			"faces": {
				"north": {"uv": [12, 0, 16, 4], "texture": "#car_parts"},
				"east": {"uv": [12, 0, 16, 4], "texture": "#car_parts"},
				"south": {"uv": [12, 0, 16, 4], "texture": "#car_parts"},
				"west": {"uv": [12, 0, 16, 4], "texture": "#car_parts"},
				"up": {"uv": [12, 0, 16, 4], "texture": "#car_parts"},
				"down": {"uv": [12, 0, 16, 4], "texture": "#car_parts"}
			}
		},
		{
			"name": "wheel_back_left",
			"from": [
				1.200000000000001,
				2.8500000000000014,
				14.479999999999997
			],
			"to": [
				2.6000000000000014,
				3.410000000000001,
				18.119999999999997
			],
			"shade": true,
			"faces": {
				"north": {"uv": [12, 0, 16, 4], "texture": "#car_parts"},
				"east": {"uv": [12, 0, 16, 4], "texture": "#car_parts"},
				"south": {"uv": [12, 0, 16, 4], "texture": "#car_parts"},
				"west": {"uv": [12, 0, 16, 4], "texture": "#car_parts"},
				"up": {"uv": [12, 0, 16, 4], "texture": "#car_parts"},
				"down": {"uv": [12, 0, 16, 4], "texture": "#car_parts"}
			}
		},
		{
			"name": "wheel_back_left",
			"from": [
				1.200000000000001,
				0.8900000000000006,
				14.479999999999997
			],
			"to": [
				2.6000000000000014,
				1.450000000000001,
				18.119999999999997
			],
			"shade": true,
			"faces": {
				"north": {"uv": [12, 0, 16, 4], "texture": "#car_parts"},
				"east": {"uv": [12, 0, 16, 4], "texture": "#car_parts"},
				"south": {"uv": [12, 0, 16, 4], "texture": "#car_parts"},
				"west": {"uv": [12, 0, 16, 4], "texture": "#car_parts"},
				"up": {"uv": [12, 0, 16, 4], "texture": "#car_parts"},
				"down": {"uv": [12, 0, 16, 4], "texture": "#car_parts"}
			}
		},
		{
			"name": "wheel_rim_back_left",
			"from": [1.1, 1.450000000000001, 15.600000000000001],
			"to": [2.5000000000000004, 2.8500000000000014, 17],
			"shade": true,
			"faces": {
				"north": {"uv": [12, 0, 16, 4], "texture": "#car_parts"},
				"east": {"uv": [0, 0, 4, 4], "texture": "#car_parts"},
				"south": {"uv": [0, 0, 4, 4], "texture": "#car_parts"},
				"west": {"uv": [0, 0, 4, 4], "texture": "#car_parts"},
				"up": {"uv": [0, 0, 4, 4], "texture": "#car_parts"},
				"down": {"uv": [0, 0, 4, 4], "texture": "#car_parts"}
			}
		},
		{
			"name": "between_wheels_back",
			"from": [2.75, 2, 14],
			"to": [13.25, 4.45, 18.625],
			"shade": true,
			"faces": {
				"north": {"uv": [0, 0, 10.5, 2.45], "texture": "#car_color"},
				"east": {"uv": [0, 0, 4.625, 2.45], "texture": "#car_color"},
				"south": {"uv": [0, 0, 10.5, 2.45], "texture": "#car_color"},
				"west": {"uv": [0, 0, 4.625, 2.45], "texture": "#car_color"},
				"up": {
					"uv": [0, 0, 4.625, 10.5],
					"texture": "#car_color",
					"rotation": 270
				},
				"down": {
					"uv": [0, 0, 4.625, 10.5],
					"texture": "#car_color",
					"rotation": 90
				}
			}
		},
		{
			"name": "above_wheels_back",
			"from": [1, 4.45, 14],
			"to": [15, 7, 18.625],
			"shade": true,
			"faces": {
				"north": {"uv": [0, 0, 14, 2.55], "texture": "#car_color"},
				"east": {"uv": [0, 0, 4.625, 2.55], "texture": "#car_color"},
				"south": {"uv": [0, 0, 14, 2.55], "texture": "#car_color"},
				"west": {"uv": [0, 0, 4.625, 2.55], "texture": "#car_color"},
				"up": {
					"uv": [0, 0, 4.625, 14],
					"texture": "#car_color",
					"rotation": 270
				},
				"down": {
					"uv": [0, 0, 4.625, 14],
					"texture": "#car_color",
					"rotation": 90
				}
			}
		},
		{
			"name": "middle_back",
			"from": [1, 2, 11],
			"to": [15, 7, 14],
			"shade": true,
			"faces": {
				"north": {"uv": [0, 0, 14, 5], "texture": "#car_color"},
				"east": {"uv": [0, 0, 3, 5], "texture": "#car_color"},
				"south": {"uv": [0, 0, 14, 5], "texture": "#car_color"},
				"west": {"uv": [0, 0, 3, 5], "texture": "#car_color"},
				"up": {
					"uv": [0, 0, 3, 14],
					"texture": "#car_color",
					"rotation": 270
				},
				"down": {
					"uv": [0, 0, 3, 14],
					"texture": "#car_color",
					"rotation": 90
				}
			}
		},
		{
			"name": "window_trim_back",
			"from": [1, 7, 16],
			"to": [15, 8, 17],
			"shade": true,
			"faces": {
				"north": {"uv": [0, 0, 14, 1], "texture": "#car_color"},
				"east": {"uv": [0, 0, 1, 1], "texture": "#car_color"},
				"south": {"uv": [0, 0, 14, 1], "texture": "#car_color"},
				"west": {"uv": [0, 0, 1, 1], "texture": "#car_color"},
				"up": {
					"uv": [0, 0, 1, 14],
					"texture": "#car_color",
					"rotation": 270
				},
				"down": {
					"uv": [0, 0, 1, 14],
					"texture": "#car_color",
					"rotation": 90
				}
			}
		},
		{
			"name": "roof",
			"from": [1, 14, 2],
			"to": [15, 15, 17],
			"shade": true,
			"faces": {
				"north": {"uv": [0, 0, 14, 1], "texture": "#car_color"},
				"east": {"uv": [0, 0, 15, 1], "texture": "#car_color"},
				"south": {"uv": [0, 0, 14, 1], "texture": "#car_color"},
				"west": {"uv": [0, 0, 15, 1], "texture": "#car_color"},
				"up": {
					"uv": [0, 0, 15, 14],
					"texture": "#car_color",
					"rotation": 270
				},
				"down": {
					"uv": [0, 0, 15, 14],
					"texture": "#car_color",
					"rotation": 90
				}
			}
		},
		{
			"name": "window_trim_back",
			"from": [1, 8, 16],
			"to": [2, 14, 17],
			"shade": true,
			"faces": {
				"north": {"uv": [0, 0, 1, 6], "texture": "#car_color"},
				"east": {"uv": [0, 0, 1, 6], "texture": "#car_color"},
				"south": {"uv": [0, 0, 1, 6], "texture": "#car_color"},
				"west": {"uv": [0, 0, 1, 6], "texture": "#car_color"},
				"up": {
					"uv": [0, 0, 1, 1],
					"texture": "#car_color",
					"rotation": 270
				},
				"down": {
					"uv": [0, 0, 1, 1],
					"texture": "#car_color",
					"rotation": 90
				}
			}
		},
		{
			"name": "window_trim_back",
			"from": [14, 8, 16],
			"to": [15, 14, 17],
			"shade": true,
			"faces": {
				"north": {"uv": [0, 0, 1, 6], "texture": "#car_color"},
				"east": {"uv": [0, 0, 1, 6], "texture": "#car_color"},
				"south": {"uv": [0, 0, 1, 6], "texture": "#car_color"},
				"west": {"uv": [0, 0, 1, 6], "texture": "#car_color"},
				"up": {
					"uv": [0, 0, 1, 1],
					"texture": "#car_color",
					"rotation": 270
				},
				"down": {
					"uv": [0, 0, 1, 1],
					"texture": "#car_color",
					"rotation": 90
				}
			}
		},
		{
			"name": "window_back",
			"from": [2, 8, 16.8],
			"to": [14, 14, 16.900000000000002],
			"shade": true,
			"faces": {
				"north": {"uv": [3, 1, 15, 7], "texture": "#window"},
				"east": {
					"uv": [0, 0, 0.10000000000000142, 6],
					"texture": "#window"
				},
				"south": {"uv": [1, 9, 13, 15], "texture": "#window"},
				"west": {
					"uv": [0, 0, 0.10000000000000142, 6],
					"texture": "#window"
				},
				"up": {
					"uv": [0, 0, 0.10000000000000142, 12],
					"texture": "#window",
					"rotation": 270
				},
				"down": {
					"uv": [0, 0, 0.10000000000000142, 12],
					"texture": "#window",
					"rotation": 90
				}
			}
		},
		{
			"name": "window_trim_left",
			"from": [1, 7, 11],
			"to": [2, 14, 12],
			"shade": true,
			"faces": {
				"north": {"uv": [0, 0, 1, 7], "texture": "#car_color"},
				"east": {"uv": [0, 0, 1, 7], "texture": "#car_color"},
				"south": {"uv": [0, 0, 1, 7], "texture": "#car_color"},
				"west": {"uv": [0, 0, 1, 7], "texture": "#car_color"},
				"up": {
					"uv": [0, 0, 1, 1],
					"texture": "#car_color",
					"rotation": 270
				},
				"down": {
					"uv": [0, 0, 1, 1],
					"texture": "#car_color",
					"rotation": 90
				}
			}
		},
		{
			"name": "window_trim_right",
			"from": [14, 7, 11],
			"to": [15, 14, 12],
			"shade": true,
			"faces": {
				"north": {"uv": [0, 0, 1, 7], "texture": "#car_color"},
				"east": {"uv": [0, 0, 1, 7], "texture": "#car_color"},
				"south": {"uv": [0, 0, 1, 7], "texture": "#car_color"},
				"west": {"uv": [0, 0, 1, 7], "texture": "#car_color"},
				"up": {
					"uv": [0, 0, 1, 1],
					"texture": "#car_color",
					"rotation": 270
				},
				"down": {
					"uv": [0, 0, 1, 1],
					"texture": "#car_color",
					"rotation": 90
				}
			}
		},
		{
			"name": "window_right",
			"from": [14.8, 7, 12],
			"to": [14.9, 14, 16],
			"shade": true,
			"faces": {
				"north": {
					"uv": [0, 0, 0.09999999999999964, 7],
					"texture": "#window"
				},
				"east": {"uv": [5, 8, 9, 15], "texture": "#window"},
				"south": {
					"uv": [0, 0, 0.09999999999999964, 7],
					"texture": "#window"
				},
				"west": {"uv": [7, 1, 11, 8], "texture": "#window"},
				"up": {
					"uv": [0, 0, 4, 0.09999999999999964],
					"texture": "#window",
					"rotation": 270
				},
				"down": {
					"uv": [0, 0, 4, 0.09999999999999964],
					"texture": "#window",
					"rotation": 90
				}
			}
		},
		{
			"name": "window_left",
			"from": [1.1, 7, 12],
			"to": [1.2000000000000002, 14, 16],
			"shade": true,
			"faces": {
				"north": {
					"uv": [0, 0, 0.10000000000000009, 7],
					"texture": "#window"
				},
				"east": {"uv": [7, 1, 11, 8], "texture": "#window"},
				"south": {
					"uv": [0, 0, 0.10000000000000009, 7],
					"texture": "#window"
				},
				"west": {"uv": [5, 8, 9, 15], "texture": "#window"},
				"up": {
					"uv": [0, 0, 4, 0.10000000000000009],
					"texture": "#window",
					"rotation": 270
				},
				"down": {
					"uv": [0, 0, 4, 0.10000000000000009],
					"texture": "#window",
					"rotation": 90
				}
			}
		},
		{
			"name": "floor",
			"from": [1, 2, 6],
			"to": [15, 3, 11],
			"shade": true,
			"faces": {
				"north": {"uv": [0, 0, 14, 1], "texture": "#car_color"},
				"east": {"uv": [0, 0, 5, 1], "texture": "#car_color"},
				"south": {"uv": [0, 0, 14, 1], "texture": "#car_color"},
				"west": {"uv": [0, 0, 5, 1], "texture": "#car_color"},
				"up": {
					"uv": [0, 0, 5, 14],
					"texture": "#car_color",
					"rotation": 270
				},
				"down": {
					"uv": [0, 0, 5, 14],
					"texture": "#car_color",
					"rotation": 90
				}
			}
		},
		{
			"name": "seat_girder",
			"from": [2, 3, 8],
			"to": [14, 5, 11],
			"shade": true,
			"faces": {
				"north": {"uv": [8, 0, 12, 4], "texture": "#car_parts"},
				"east": {"uv": [8, 0, 12, 4], "texture": "#car_parts"},
				"south": {"uv": [8, 0, 12, 4], "texture": "#car_parts"},
				"west": {"uv": [8, 0, 12, 4], "texture": "#car_parts"},
				"up": {"uv": [8, 0, 12, 4], "texture": "#car_parts"},
				"down": {"uv": [8, 0, 12, 4], "texture": "#car_parts"}
			}
		},
		{
			"name": "seat_left",
			"from": [2, 5, 8],
			"to": [7, 6, 11],
			"shade": true,
			"faces": {
				"north": {"uv": [0, 0, 5, 1], "texture": "#seat"},
				"east": {"uv": [0, 0, 3, 1], "texture": "#seat"},
				"south": {"uv": [0, 0, 5, 1], "texture": "#seat"},
				"west": {"uv": [0, 0, 3, 1], "texture": "#seat"},
				"up": {
					"uv": [0, 0, 3, 5],
					"texture": "#seat",
					"rotation": 270
				},
				"down": {
					"uv": [0, 0, 3, 5],
					"texture": "#seat",
					"rotation": 90
				}
			}
		},
		{
			"name": "seat_right",
			"from": [9, 5, 8],
			"to": [14, 6, 11],
			"shade": true,
			"faces": {
				"north": {"uv": [0, 0, 5, 1], "texture": "#seat"},
				"east": {"uv": [0, 0, 3, 1], "texture": "#seat"},
				"south": {"uv": [0, 0, 5, 1], "texture": "#seat"},
				"west": {"uv": [0, 0, 3, 1], "texture": "#seat"},
				"up": {
					"uv": [0, 0, 3, 5],
					"texture": "#seat",
					"rotation": 270
				},
				"down": {
					"uv": [0, 0, 3, 5],
					"texture": "#seat",
					"rotation": 90
				}
			}
		},
		{
			"name": "seat_left",
			"from": [2, 6, 10],
			"to": [7, 10, 11],
			"shade": true,
			"faces": {
				"north": {"uv": [0, 0, 5, 1], "texture": "#seat"},
				"east": {"uv": [0, 0, 1, 4], "texture": "#seat"},
				"south": {"uv": [0, 0, 5, 4], "texture": "#seat"},
				"west": {"uv": [0, 0, 1, 4], "texture": "#seat"},
				"up": {
					"uv": [0, 0, 1, 5],
					"texture": "#seat",
					"rotation": 270
				},
				"down": {
					"uv": [0, 0, 1, 5],
					"texture": "#seat",
					"rotation": 90
				}
			}
		},
		{
			"name": "seat_right",
			"from": [9, 6, 10],
			"to": [14, 10, 11],
			"shade": true,
			"faces": {
				"north": {"uv": [0, 0, 5, 1], "texture": "#seat"},
				"east": {"uv": [0, 0, 1, 4], "texture": "#seat"},
				"south": {"uv": [0, 0, 5, 4], "texture": "#seat"},
				"west": {"uv": [0, 0, 1, 4], "texture": "#seat"},
				"up": {
					"uv": [0, 0, 1, 5],
					"texture": "#seat",
					"rotation": 270
				},
				"down": {
					"uv": [0, 0, 1, 5],
					"texture": "#seat",
					"rotation": 90
				}
			}
		},
		{
			"name": "front_middle",
			"from": [1, 2, 2],
			"to": [15, 6, 6],
			"shade": true,
			"faces": {
				"north": {"uv": [0, 0, 14, 4], "texture": "#car_color"},
				"east": {"uv": [0, 0, 4, 4], "texture": "#car_color"},
				"south": {"uv": [0, 0, 14, 4], "texture": "#car_color"},
				"west": {"uv": [0, 0, 4, 4], "texture": "#car_color"},
				"up": {
					"uv": [0, 0, 4, 14],
					"texture": "#car_color",
					"rotation": 270
				},
				"down": {
					"uv": [0, 0, 4, 14],
					"texture": "#car_color",
					"rotation": 90
				}
			}
		},
		{
			"name": "inside_front_middle",
			"from": [2, 6, 2],
			"to": [14, 7, 3],
			"shade": true,
			"faces": {
				"north": {"uv": [0, 0, 12, 1], "texture": "#car_color"},
				"east": {"uv": [0, 0, 1, 1], "texture": "#car_color"},
				"south": {"uv": [0, 0, 12, 1], "texture": "#car_color"},
				"west": {"uv": [0, 0, 1, 1], "texture": "#car_color"},
				"up": {
					"uv": [0, 0, 1, 12],
					"texture": "#car_color",
					"rotation": 270
				},
				"down": {
					"uv": [0, 0, 1, 12],
					"texture": "#car_color",
					"rotation": 90
				}
			}
		},
		{
			"name": "beam_inside",
			"from": [2, 6, 3],
			"to": [14, 7, 4],
			"shade": true,
			"faces": {
				"north": {"uv": [0, 0, 4, 4], "texture": "#car_parts"},
				"east": {"uv": [0, 0, 4, 4], "texture": "#car_parts"},
				"south": {"uv": [0, 0, 4, 4], "texture": "#car_parts"},
				"west": {"uv": [0, 0, 4, 4], "texture": "#car_parts"},
				"up": {"uv": [0, 0, 4, 4], "texture": "#car_parts"},
				"down": {"uv": [0, 0, 4, 4], "texture": "#car_parts"}
			}
		},
		{
			"name": "window_trim_front",
			"from": [1, 6, 2],
			"to": [2, 14, 4],
			"shade": true,
			"faces": {
				"north": {"uv": [0, 0, 1, 8], "texture": "#car_color"},
				"east": {"uv": [0, 0, 2, 8], "texture": "#car_color"},
				"south": {"uv": [0, 0, 1, 8], "texture": "#car_color"},
				"west": {"uv": [0, 0, 2, 8], "texture": "#car_color"},
				"up": {
					"uv": [0, 0, 2, 1],
					"texture": "#car_color",
					"rotation": 270
				},
				"down": {
					"uv": [0, 0, 2, 1],
					"texture": "#car_color",
					"rotation": 90
				}
			}
		},
		{
			"name": "window_trim_front",
			"from": [14, 6, 2],
			"to": [15, 14, 4],
			"shade": true,
			"faces": {
				"north": {"uv": [0, 0, 1, 8], "texture": "#car_color"},
				"east": {"uv": [0, 0, 2, 8], "texture": "#car_color"},
				"south": {"uv": [0, 0, 1, 8], "texture": "#car_color"},
				"west": {"uv": [0, 0, 2, 8], "texture": "#car_color"},
				"up": {
					"uv": [0, 0, 2, 1],
					"texture": "#car_color",
					"rotation": 270
				},
				"down": {
					"uv": [0, 0, 2, 1],
					"texture": "#car_color",
					"rotation": 90
				}
			}
		},
		{
			"name": "window_front",
			"from": [2, 7, 2.1],
			"to": [14, 14, 2.2],
			"shade": true,
			"faces": {
				"north": {"uv": [1, 1, 13, 8], "texture": "#window"},
				"east": {
					"uv": [0, 0, 0.10000000000000009, 7],
					"texture": "#window"
				},
				"south": {"uv": [3, 8, 15, 15], "texture": "#window"},
				"west": {
					"uv": [0, 0, 0.10000000000000009, 7],
					"texture": "#window"
				},
				"up": {
					"uv": [0, 0, 0.10000000000000009, 12],
					"texture": "#window",
					"rotation": 270
				},
				"down": {
					"uv": [0, 0, 0.10000000000000009, 12],
					"texture": "#window",
					"rotation": 90
				}
			}
		},
		{
			"name": "steer",
			"from": [2, 5, 7],
			"to": [7, 10, 7.1],
			"shade": true,
			"faces": {
				"north": {"uv": [1, 1, 15, 15], "texture": "#steer"},
				"east": {
					"uv": [0, 0, 0.09999999999999964, 5],
					"texture": "#steer"
				},
				"south": {"uv": [1, 1, 15, 15], "texture": "#steer"},
				"west": {
					"uv": [0, 0, 0.09999999999999964, 5],
					"texture": "#steer"
				},
				"up": {
					"uv": [0, 0, 0.09999999999999964, 5],
					"texture": "#steer",
					"rotation": 270
				},
				"down": {
					"uv": [0, 0, 0.09999999999999964, 5],
					"texture": "#steer",
					"rotation": 90
				}
			}
		},
		{
			"name": "steer_beam",
			"from": [4, 7, 3],
			"to": [5, 8, 7],
			"shade": true,
			"faces": {
				"north": {"uv": [0, 0, 4, 4], "texture": "#car_parts"},
				"east": {"uv": [0, 0, 4, 4], "texture": "#car_parts"},
				"south": {"uv": [0, 0, 4, 4], "texture": "#car_parts"},
				"west": {"uv": [0, 0, 4, 4], "texture": "#car_parts"},
				"up": {"uv": [0, 0, 4, 4], "texture": "#car_parts"},
				"down": {"uv": [0, 0, 4, 4], "texture": "#car_parts"}
			}
		},
		{
			"name": "door_left",
			"from": [0.9000000000000004, 2.0999999999999996, 4],
			"to": [1.9000000000000004, 7, 11],
			"shade": true,
			"faces": {
				"north": {"uv": [0, 0, 1, 4.9], "texture": "#car_color"},
				"east": {"uv": [0, 0, 7, 4.9], "texture": "#car_color"},
				"south": {"uv": [0, 0, 1, 4.9], "texture": "#car_color"},
				"west": {"uv": [0, 0, 7, 4.9], "texture": "#car_color"},
				"up": {
					"uv": [0, 0, 7, 1],
					"texture": "#car_color",
					"rotation": 270
				},
				"down": {
					"uv": [0, 0, 7, 1],
					"texture": "#car_color",
					"rotation": 90
				}
			}
		},
		{
			"name": "door_window_right",
			"from": [14.8, 7, 4],
			"to": [14.9, 14, 11],
			"shade": true,
			"faces": {
				"north": {
					"uv": [0, 0, 0.09999999999999964, 7],
					"texture": "#window"
				},
				"east": {"uv": [1, 1, 8, 8], "texture": "#window"},
				"south": {
					"uv": [0, 0, 0.09999999999999964, 7],
					"texture": "#window"
				},
				"west": {"uv": [8, 8, 15, 15], "texture": "#window"},
				"up": {
					"uv": [0, 0, 7, 0.09999999999999964],
					"texture": "#window",
					"rotation": 270
				},
				"down": {
					"uv": [0, 0, 7, 0.09999999999999964],
					"texture": "#window",
					"rotation": 90
				}
			}
		},
		{
			"name": "door_right",
			"from": [14.1, 2.0999999999999996, 4],
			"to": [15.100000000000001, 7, 11],
			"shade": true,
			"faces": {
				"north": {
					"uv": [0, 0, 1.0000000000000018, 4.9],
					"texture": "#car_color"
				},
				"east": {"uv": [0, 0, 7, 4.9], "texture": "#car_color"},
				"south": {
					"uv": [0, 0, 1.0000000000000018, 4.9],
					"texture": "#car_color"
				},
				"west": {"uv": [0, 0, 7, 4.9], "texture": "#car_color"},
				"up": {
					"uv": [0, 0, 7, 1.0000000000000018],
					"texture": "#car_color",
					"rotation": 270
				},
				"down": {
					"uv": [0, 0, 7, 1.0000000000000018],
					"texture": "#car_color",
					"rotation": 90
				}
			}
		},
		{
			"name": "door_window_left",
			"from": [1.1, 7, 4],
			"to": [1.2000000000000002, 14, 11],
			"shade": true,
			"faces": {
				"north": {
					"uv": [0, 0, 0.10000000000000009, 7],
					"texture": "#window"
				},
				"east": {"uv": [1, 1, 8, 8], "texture": "#window"},
				"south": {
					"uv": [0, 0, 0.10000000000000009, 7],
					"texture": "#window"
				},
				"west": {"uv": [8, 8, 15, 15], "texture": "#window"},
				"up": {
					"uv": [0, 0, 7, 0.10000000000000009],
					"texture": "#window",
					"rotation": 270
				},
				"down": {
					"uv": [0, 0, 7, 0.10000000000000009],
					"texture": "#window",
					"rotation": 90
				}
			}
		},
		{
			"name": "light_trim_front_right",
			"from": [12, 3.8, -6.024999999999999],
			"to": [14, 6.8, -5.024999999999999],
			"shade": true,
			"faces": {
				"north": {"uv": [12, 0, 16, 4], "texture": "#car_parts"},
				"east": {"uv": [12, 0, 16, 4], "texture": "#car_parts"},
				"south": {"uv": [12, 0, 16, 4], "texture": "#car_parts"},
				"west": {"uv": [12, 0, 16, 4], "texture": "#car_parts"},
				"up": {"uv": [12, 0, 16, 4], "texture": "#car_parts"},
				"down": {"uv": [12, 0, 16, 4], "texture": "#car_parts"}
			}
		},
		{
			"name": "wheel_right_back",
			"from": [13.450000000000001, 1.450000000000001, 14.2],
			"to": [14.850000000000001, 2.8500000000000014, 18.4],
			"shade": true,
			"faces": {
				"north": {"uv": [12, 0, 16, 4], "texture": "#car_parts"},
				"east": {"uv": [12, 0, 16, 4], "texture": "#car_parts"},
				"south": {"uv": [12, 0, 16, 4], "texture": "#car_parts"},
				"west": {"uv": [12, 0, 16, 4], "texture": "#car_parts"},
				"up": {"uv": [12, 0, 16, 4], "texture": "#car_parts"},
				"down": {"uv": [12, 0, 16, 4], "texture": "#car_parts"}
			}
		},
		{
			"name": "wheel_right_back",
			"from": [
				13.450000000000001,
				0.05000000000000071,
				15.600000000000001
			],
			"to": [14.850000000000001, 4.25, 17],
			"shade": true,
			"faces": {
				"north": {"uv": [12, 0, 16, 4], "texture": "#car_parts"},
				"east": {"uv": [12, 0, 16, 4], "texture": "#car_parts"},
				"south": {"uv": [12, 0, 16, 4], "texture": "#car_parts"},
				"west": {"uv": [12, 0, 16, 4], "texture": "#car_parts"},
				"up": {"uv": [12, 0, 16, 4], "texture": "#car_parts"},
				"down": {"uv": [12, 0, 16, 4], "texture": "#car_parts"}
			}
		},
		{
			"name": "wheel_right_back",
			"from": [13.450000000000001, 0.33000000000000007, 15.04],
			"to": [
				14.850000000000001,
				3.9700000000000015,
				15.600000000000001
			],
			"shade": true,
			"faces": {
				"north": {"uv": [12, 0, 16, 4], "texture": "#car_parts"},
				"east": {"uv": [12, 0, 16, 4], "texture": "#car_parts"},
				"south": {"uv": [12, 0, 16, 4], "texture": "#car_parts"},
				"west": {"uv": [12, 0, 16, 4], "texture": "#car_parts"},
				"up": {"uv": [12, 0, 16, 4], "texture": "#car_parts"},
				"down": {"uv": [12, 0, 16, 4], "texture": "#car_parts"}
			}
		},
		{
			"name": "wheel_right_back",
			"from": [13.450000000000001, 0.33000000000000007, 17],
			"to": [
				14.850000000000001,
				3.9700000000000015,
				17.559999999999995
			],
			"shade": true,
			"faces": {
				"north": {"uv": [12, 0, 16, 4], "texture": "#car_parts"},
				"east": {"uv": [12, 0, 16, 4], "texture": "#car_parts"},
				"south": {"uv": [12, 0, 16, 4], "texture": "#car_parts"},
				"west": {"uv": [12, 0, 16, 4], "texture": "#car_parts"},
				"up": {"uv": [12, 0, 16, 4], "texture": "#car_parts"},
				"down": {"uv": [12, 0, 16, 4], "texture": "#car_parts"}
			}
		},
		{
			"name": "wheel_right_back",
			"from": [
				13.450000000000001,
				2.8500000000000014,
				14.479999999999997
			],
			"to": [
				14.850000000000001,
				3.410000000000001,
				18.119999999999997
			],
			"shade": true,
			"faces": {
				"north": {"uv": [12, 0, 16, 4], "texture": "#car_parts"},
				"east": {"uv": [12, 0, 16, 4], "texture": "#car_parts"},
				"south": {"uv": [12, 0, 16, 4], "texture": "#car_parts"},
				"west": {"uv": [12, 0, 16, 4], "texture": "#car_parts"},
				"up": {"uv": [12, 0, 16, 4], "texture": "#car_parts"},
				"down": {"uv": [12, 0, 16, 4], "texture": "#car_parts"}
			}
		},
		{
			"name": "wheel_right_back",
			"from": [
				13.450000000000001,
				0.8900000000000006,
				14.479999999999997
			],
			"to": [
				14.850000000000001,
				1.450000000000001,
				18.119999999999997
			],
			"shade": true,
			"faces": {
				"north": {"uv": [12, 0, 16, 4], "texture": "#car_parts"},
				"east": {"uv": [12, 0, 16, 4], "texture": "#car_parts"},
				"south": {"uv": [12, 0, 16, 4], "texture": "#car_parts"},
				"west": {"uv": [12, 0, 16, 4], "texture": "#car_parts"},
				"up": {"uv": [12, 0, 16, 4], "texture": "#car_parts"},
				"down": {"uv": [12, 0, 16, 4], "texture": "#car_parts"}
			}
		},
		{
			"name": "wheel_rim_right_back",
			"from": [13.55, 1.450000000000001, 15.600000000000001],
			"to": [14.95, 2.8500000000000014, 17],
			"shade": true,
			"faces": {
				"north": {"uv": [0, 0, 4, 4], "texture": "#car_parts"},
				"east": {"uv": [0, 0, 4, 4], "texture": "#car_parts"},
				"south": {"uv": [0, 0, 4, 4], "texture": "#car_parts"},
				"west": {"uv": [0, 0, 4, 4], "texture": "#car_parts"},
				"up": {"uv": [0, 0, 4, 4], "texture": "#car_parts"},
				"down": {"uv": [0, 0, 4, 4], "texture": "#car_parts"}
			}
		},
		{
			"name": "wheel_rim_front_left",
			"from": [1.1, 1.450000000000001, -1.0249999999999986],
			"to": [2.5000000000000004, 2.8500000000000014, 0.375],
			"shade": true,
			"faces": {
				"north": {"uv": [0, 0, 4, 4], "texture": "#car_parts"},
				"east": {"uv": [0, 0, 4, 4], "texture": "#car_parts"},
				"south": {"uv": [0, 0, 4, 4], "texture": "#car_parts"},
				"west": {"uv": [0, 0, 4, 4], "texture": "#car_parts"},
				"up": {"uv": [0, 0, 4, 4], "texture": "#car_parts"},
				"down": {"uv": [0, 0, 4, 4], "texture": "#car_parts"}
			}
		},
		{
			"name": "wheel_front_left",
			"from": [
				1.200000000000001,
				1.450000000000001,
				-2.4250000000000007
			],
			"to": [
				2.6000000000000014,
				2.8500000000000014,
				1.7749999999999986
			],
			"shade": true,
			"faces": {
				"north": {"uv": [12, 0, 16, 4], "texture": "#car_parts"},
				"east": {"uv": [12, 0, 16, 4], "texture": "#car_parts"},
				"south": {"uv": [12, 0, 16, 4], "texture": "#car_parts"},
				"west": {"uv": [12, 0, 16, 4], "texture": "#car_parts"},
				"up": {"uv": [12, 0, 16, 4], "texture": "#car_parts"},
				"down": {"uv": [12, 0, 16, 4], "texture": "#car_parts"}
			}
		},
		{
			"name": "wheel_front_left",
			"from": [
				1.200000000000001,
				0.05000000000000071,
				-1.0249999999999986
			],
			"to": [2.6000000000000014, 4.25, 0.375],
			"shade": true,
			"faces": {
				"north": {"uv": [12, 0, 16, 4], "texture": "#car_parts"},
				"east": {"uv": [12, 0, 16, 4], "texture": "#car_parts"},
				"south": {"uv": [12, 0, 16, 4], "texture": "#car_parts"},
				"west": {"uv": [12, 0, 16, 4], "texture": "#car_parts"},
				"up": {"uv": [12, 0, 16, 4], "texture": "#car_parts"},
				"down": {"uv": [12, 0, 16, 4], "texture": "#car_parts"}
			}
		},
		{
			"name": "wheel_front_left",
			"from": [1.200000000000001, 0.33000000000000007, 0.375],
			"to": [
				2.6000000000000014,
				3.9700000000000015,
				0.9349999999999952
			],
			"shade": true,
			"faces": {
				"north": {"uv": [12, 0, 16, 4], "texture": "#car_parts"},
				"east": {"uv": [12, 0, 16, 4], "texture": "#car_parts"},
				"south": {"uv": [12, 0, 16, 4], "texture": "#car_parts"},
				"west": {"uv": [12, 0, 16, 4], "texture": "#car_parts"},
				"up": {"uv": [12, 0, 16, 4], "texture": "#car_parts"},
				"down": {"uv": [12, 0, 16, 4], "texture": "#car_parts"}
			}
		},
		{
			"name": "wheel_front_left",
			"from": [
				1.200000000000001,
				2.8500000000000014,
				-2.145000000000003
			],
			"to": [
				2.6000000000000014,
				3.410000000000001,
				1.4949999999999974
			],
			"shade": true,
			"faces": {
				"north": {"uv": [12, 0, 16, 4], "texture": "#car_parts"},
				"east": {"uv": [12, 0, 16, 4], "texture": "#car_parts"},
				"south": {"uv": [12, 0, 16, 4], "texture": "#car_parts"},
				"west": {"uv": [12, 0, 16, 4], "texture": "#car_parts"},
				"up": {"uv": [12, 0, 16, 4], "texture": "#car_parts"},
				"down": {"uv": [12, 0, 16, 4], "texture": "#car_parts"}
			}
		},
		{
			"name": "wheel_front_left",
			"from": [
				1.200000000000001,
				0.8900000000000006,
				-2.145000000000003
			],
			"to": [
				2.6000000000000014,
				1.450000000000001,
				1.4949999999999974
			],
			"shade": true,
			"faces": {
				"north": {"uv": [12, 0, 16, 4], "texture": "#car_parts"},
				"east": {"uv": [12, 0, 16, 4], "texture": "#car_parts"},
				"south": {"uv": [12, 0, 16, 4], "texture": "#car_parts"},
				"west": {"uv": [12, 0, 16, 4], "texture": "#car_parts"},
				"up": {"uv": [12, 0, 16, 4], "texture": "#car_parts"},
				"down": {"uv": [12, 0, 16, 4], "texture": "#car_parts"}
			}
		},
		{
			"name": "wheel_front_left",
			"from": [
				1.200000000000001,
				0.33000000000000007,
				-1.5850000000000009
			],
			"to": [
				2.6000000000000014,
				3.9700000000000015,
				-1.0249999999999986
			],
			"shade": true,
			"faces": {
				"north": {"uv": [12, 0, 16, 4], "texture": "#car_parts"},
				"east": {"uv": [12, 0, 16, 4], "texture": "#car_parts"},
				"south": {"uv": [12, 0, 16, 4], "texture": "#car_parts"},
				"west": {"uv": [12, 0, 16, 4], "texture": "#car_parts"},
				"up": {"uv": [12, 0, 16, 4], "texture": "#car_parts"},
				"down": {"uv": [12, 0, 16, 4], "texture": "#car_parts"}
			}
		},
		{
			"name": "above_wheels_front",
			"from": [1, 4.45, -2.625],
			"to": [15, 7, 2],
			"shade": true,
			"faces": {
				"north": {"uv": [0, 0, 14, 2.55], "texture": "#car_color"},
				"east": {"uv": [0, 0, 4.625, 2.55], "texture": "#car_color"},
				"south": {"uv": [0, 0, 14, 2.55], "texture": "#car_color"},
				"west": {"uv": [0, 0, 4.625, 2.55], "texture": "#car_color"},
				"up": {
					"uv": [0, 0, 4.625, 14],
					"texture": "#car_color",
					"rotation": 270
				},
				"down": {
					"uv": [0, 0, 4.625, 14],
					"texture": "#car_color",
					"rotation": 90
				}
			}
		},
		{
			"name": "wheel_front_right",
			"from": [
				13.450000000000001,
				1.450000000000001,
				-2.4250000000000007
			],
			"to": [
				14.850000000000001,
				2.8500000000000014,
				1.7749999999999986
			],
			"shade": true,
			"faces": {
				"north": {"uv": [12, 0, 16, 4], "texture": "#car_parts"},
				"east": {"uv": [12, 0, 16, 4], "texture": "#car_parts"},
				"south": {"uv": [12, 0, 16, 4], "texture": "#car_parts"},
				"west": {"uv": [12, 0, 16, 4], "texture": "#car_parts"},
				"up": {"uv": [12, 0, 16, 4], "texture": "#car_parts"},
				"down": {"uv": [12, 0, 16, 4], "texture": "#car_parts"}
			}
		},
		{
			"name": "wheel_front_right",
			"from": [
				13.450000000000001,
				0.05000000000000071,
				-1.0249999999999986
			],
			"to": [14.850000000000001, 4.25, 0.375],
			"shade": true,
			"faces": {
				"north": {"uv": [12, 0, 16, 4], "texture": "#car_parts"},
				"east": {"uv": [12, 0, 16, 4], "texture": "#car_parts"},
				"south": {"uv": [12, 0, 16, 4], "texture": "#car_parts"},
				"west": {"uv": [12, 0, 16, 4], "texture": "#car_parts"},
				"up": {"uv": [12, 0, 16, 4], "texture": "#car_parts"},
				"down": {"uv": [12, 0, 16, 4], "texture": "#car_parts"}
			}
		},
		{
			"name": "wheel_front_right",
			"from": [
				13.450000000000001,
				0.33000000000000007,
				-1.5850000000000009
			],
			"to": [
				14.850000000000001,
				3.9700000000000015,
				-1.0249999999999986
			],
			"shade": true,
			"faces": {
				"north": {"uv": [12, 0, 16, 4], "texture": "#car_parts"},
				"east": {"uv": [12, 0, 16, 4], "texture": "#car_parts"},
				"south": {"uv": [12, 0, 16, 4], "texture": "#car_parts"},
				"west": {"uv": [12, 0, 16, 4], "texture": "#car_parts"},
				"up": {"uv": [12, 0, 16, 4], "texture": "#car_parts"},
				"down": {"uv": [12, 0, 16, 4], "texture": "#car_parts"}
			}
		},
		{
			"name": "wheel_front_right",
			"from": [
				13.450000000000001,
				2.8500000000000014,
				-2.145000000000003
			],
			"to": [
				14.850000000000001,
				3.410000000000001,
				1.4949999999999974
			],
			"shade": true,
			"faces": {
				"north": {"uv": [12, 0, 16, 4], "texture": "#car_parts"},
				"east": {"uv": [12, 0, 16, 4], "texture": "#car_parts"},
				"south": {"uv": [12, 0, 16, 4], "texture": "#car_parts"},
				"west": {"uv": [12, 0, 16, 4], "texture": "#car_parts"},
				"up": {"uv": [12, 0, 16, 4], "texture": "#car_parts"},
				"down": {"uv": [12, 0, 16, 4], "texture": "#car_parts"}
			}
		},
		{
			"name": "wheel_front_right",
			"from": [
				13.450000000000001,
				0.8900000000000006,
				-2.145000000000003
			],
			"to": [
				14.850000000000001,
				1.450000000000001,
				1.4949999999999974
			],
			"shade": true,
			"faces": {
				"north": {"uv": [12, 0, 16, 4], "texture": "#car_parts"},
				"east": {"uv": [12, 0, 16, 4], "texture": "#car_parts"},
				"south": {"uv": [12, 0, 16, 4], "texture": "#car_parts"},
				"west": {"uv": [12, 0, 16, 4], "texture": "#car_parts"},
				"up": {"uv": [12, 0, 16, 4], "texture": "#car_parts"},
				"down": {"uv": [12, 0, 16, 4], "texture": "#car_parts"}
			}
		},
		{
			"name": "wheel_front_right",
			"from": [13.450000000000001, 0.33000000000000007, 0.375],
			"to": [
				14.850000000000001,
				3.9700000000000015,
				0.9349999999999952
			],
			"shade": true,
			"faces": {
				"north": {"uv": [12, 0, 16, 4], "texture": "#car_parts"},
				"east": {"uv": [12, 0, 16, 4], "texture": "#car_parts"},
				"south": {"uv": [12, 0, 16, 4], "texture": "#car_parts"},
				"west": {"uv": [12, 0, 16, 4], "texture": "#car_parts"},
				"up": {"uv": [12, 0, 16, 4], "texture": "#car_parts"},
				"down": {"uv": [12, 0, 16, 4], "texture": "#car_parts"}
			}
		},
		{
			"name": "wheel_rim_front_right",
			"from": [13.55, 1.450000000000001, -1.0249999999999986],
			"to": [14.95, 2.8500000000000014, 0.375],
			"shade": true,
			"faces": {
				"north": {"uv": [0, 0, 4, 4], "texture": "#car_parts"},
				"east": {"uv": [0, 0, 4, 4], "texture": "#car_parts"},
				"south": {"uv": [0, 0, 4, 4], "texture": "#car_parts"},
				"west": {"uv": [12, 0, 16, 4], "texture": "#car_parts"},
				"up": {"uv": [0, 0, 4, 4], "texture": "#car_parts"},
				"down": {"uv": [0, 0, 4, 4], "texture": "#car_parts"}
			}
		},
		{
			"name": "between_wheels_front",
			"from": [2.75, 2, -2.625],
			"to": [13.25, 4.45, 2],
			"shade": true,
			"faces": {
				"north": {"uv": [0, 0, 10.5, 2.45], "texture": "#car_color"},
				"east": {"uv": [0, 0, 4.625, 2.45], "texture": "#car_color"},
				"south": {"uv": [0, 0, 10.5, 2.45], "texture": "#car_color"},
				"west": {"uv": [0, 0, 4.625, 2.45], "texture": "#car_color"},
				"up": {
					"uv": [0, 0, 4.625, 10.5],
					"texture": "#car_color",
					"rotation": 270
				},
				"down": {
					"uv": [0, 0, 4.625, 10.5],
					"texture": "#car_color",
					"rotation": 90
				}
			}
		},
		{
			"name": "front",
			"from": [1, 2, -5.625],
			"to": [15, 7, -2.625],
			"shade": true,
			"faces": {
				"north": {"uv": [0, 0, 14, 5], "texture": "#car_color"},
				"east": {"uv": [0, 0, 3, 5], "texture": "#car_color"},
				"south": {"uv": [0, 0, 14, 5], "texture": "#car_color"},
				"west": {"uv": [0, 0, 3, 5], "texture": "#car_color"},
				"up": {
					"uv": [0, 0, 3, 14],
					"texture": "#car_color",
					"rotation": 270
				},
				"down": {
					"uv": [0, 0, 3, 14],
					"texture": "#car_color",
					"rotation": 90
				}
			}
		},
		{
			"name": "bumper_front",
			"from": [0.5, 1.6, -6.324999999999999],
			"to": [15.5, 3.6, -4.824999999999999],
			"shade": true,
			"faces": {
				"north": {"uv": [8, 0, 12, 4], "texture": "#car_parts"},
				"east": {"uv": [8, 0, 12, 4], "texture": "#car_parts"},
				"south": {"uv": [8, 0, 12, 4], "texture": "#car_parts"},
				"west": {"uv": [8, 0, 12, 4], "texture": "#car_parts"},
				"up": {"uv": [8, 0, 12, 4], "texture": "#car_parts"},
				"down": {"uv": [8, 0, 12, 4], "texture": "#car_parts"}
			}
		},
		{
			"name": "number_plate_front",
			"from": [7, 2, -6.625],
			"to": [9, 3, -5.625],
			"shade": true,
			"faces": {
				"north": {"uv": [0, 0, 4, 4], "texture": "#car_parts"},
				"east": {"uv": [0, 0, 4, 4], "texture": "#car_parts"},
				"south": {"uv": [0, 0, 4, 4], "texture": "#car_parts"},
				"west": {"uv": [0, 0, 4, 4], "texture": "#car_parts"},
				"up": {"uv": [0, 0, 4, 4], "texture": "#car_parts"},
				"down": {"uv": [0, 0, 4, 4], "texture": "#car_parts"}
			}
		},
		{
			"name": "light_front_left",
			"from": [2.1999999999999993, 4, -6.125],
			"to": [3.799999999999999, 6.6000000000000005, -5.125],
			"shade": true,
			"faces": {
				"north": {"uv": [4, 12, 8, 16], "texture": "#car_parts"},
				"east": {"uv": [4, 12, 8, 16], "texture": "#car_parts"},
				"south": {"uv": [4, 12, 8, 16], "texture": "#car_parts"},
				"west": {"uv": [4, 12, 8, 16], "texture": "#car_parts"},
				"up": {"uv": [4, 12, 8, 16], "texture": "#car_parts"},
				"down": {"uv": [4, 12, 8, 16], "texture": "#car_parts"}
			}
		},
		{
			"name": "light_trim_front_left",
			"from": [2, 3.8, -6.024999999999999],
			"to": [4, 6.8, -5.024999999999999],
			"shade": true,
			"faces": {
				"north": {"uv": [12, 0, 16, 4], "texture": "#car_parts"},
				"east": {"uv": [12, 0, 16, 4], "texture": "#car_parts"},
				"south": {"uv": [12, 0, 16, 4], "texture": "#car_parts"},
				"west": {"uv": [12, 0, 16, 4], "texture": "#car_parts"},
				"up": {"uv": [12, 0, 16, 4], "texture": "#car_parts"},
				"down": {"uv": [12, 0, 16, 4], "texture": "#car_parts"}
			}
		},
		{
			"name": "bar_front_up",
			"from": [4.1999999999999975, 6, -6.024999999999999],
			"to": [
				11.799999999999997,
				6.6000000000000005,
				-5.024999999999999
			],
			"shade": true,
			"faces": {
				"north": {"uv": [4, 0, 8, 4], "texture": "#car_parts"},
				"east": {"uv": [4, 0, 8, 4], "texture": "#car_parts"},
				"south": {"uv": [4, 0, 8, 4], "texture": "#car_parts"},
				"west": {"uv": [4, 0, 8, 4], "texture": "#car_parts"},
				"up": {"uv": [4, 0, 8, 4], "texture": "#car_parts"},
				"down": {"uv": [4, 0, 8, 4], "texture": "#car_parts"}
			}
		},
		{
			"name": "bar_front_middle",
			"from": [4.1999999999999975, 5, -6.024999999999999],
			"to": [
				11.799999999999997,
				5.6000000000000005,
				-5.024999999999999
			],
			"shade": true,
			"faces": {
				"north": {"uv": [4, 0, 8, 4], "texture": "#car_parts"},
				"east": {"uv": [4, 0, 8, 4], "texture": "#car_parts"},
				"south": {"uv": [4, 0, 8, 4], "texture": "#car_parts"},
				"west": {"uv": [4, 0, 8, 4], "texture": "#car_parts"},
				"up": {"uv": [4, 0, 8, 4], "texture": "#car_parts"},
				"down": {"uv": [4, 0, 8, 4], "texture": "#car_parts"}
			}
		},
		{
			"name": "bar_front_bottom",
			"from": [4.1999999999999975, 4, -6.024999999999999],
			"to": [
				11.799999999999997,
				4.6000000000000005,
				-5.024999999999999
			],
			"shade": true,
			"faces": {
				"north": {"uv": [4, 0, 8, 4], "texture": "#car_parts"},
				"east": {"uv": [4, 0, 8, 4], "texture": "#car_parts"},
				"south": {"uv": [4, 0, 8, 4], "texture": "#car_parts"},
				"west": {"uv": [4, 0, 8, 4], "texture": "#car_parts"},
				"up": {"uv": [4, 0, 8, 4], "texture": "#car_parts"},
				"down": {"uv": [4, 0, 8, 4], "texture": "#car_parts"}
			}
		},
		{
			"name": "light_front_right",
			"from": [12.199999999999996, 4, -6.125],
			"to": [13.799999999999997, 6.6000000000000005, -5.125],
			"shade": true,
			"faces": {
				"north": {"uv": [4, 12, 8, 16], "texture": "#car_parts"},
				"east": {"uv": [4, 12, 8, 16], "texture": "#car_parts"},
				"south": {"uv": [4, 12, 8, 16], "texture": "#car_parts"},
				"west": {"uv": [4, 12, 8, 16], "texture": "#car_parts"},
				"up": {"uv": [4, 12, 8, 16], "texture": "#car_parts"},
				"down": {"uv": [4, 12, 8, 16], "texture": "#car_parts"}
			}
		},
		{
			"name": "mirror_stick_left",
			"from": [0, 8, 2],
			"to": [1, 9, 3],
			"shade": true,
			"faces": {
				"north": {"uv": [12, 0, 16, 4], "texture": "#car_parts"},
				"east": {"uv": [12, 0, 16, 4], "texture": "#car_parts"},
				"south": {"uv": [12, 0, 16, 4], "texture": "#car_parts"},
				"west": {"uv": [12, 0, 16, 4], "texture": "#car_parts"},
				"up": {"uv": [12, 0, 16, 4], "texture": "#car_parts"},
				"down": {"uv": [12, 0, 16, 4], "texture": "#car_parts"}
			}
		},
		{
			"name": "mirror_stick_right",
			"from": [15, 8, 2],
			"to": [16, 9, 3],
			"shade": true,
			"faces": {
				"north": {"uv": [12, 0, 16, 4], "texture": "#car_parts"},
				"east": {"uv": [12, 0, 16, 4], "texture": "#car_parts"},
				"south": {"uv": [12, 0, 16, 4], "texture": "#car_parts"},
				"west": {"uv": [12, 0, 16, 4], "texture": "#car_parts"},
				"up": {"uv": [12, 0, 16, 4], "texture": "#car_parts"},
				"down": {"uv": [12, 0, 16, 4], "texture": "#car_parts"}
			}
		},
		{
			"name": "mirror_left",
			"from": [-2, 8, 2],
			"to": [0, 10, 3],
			"shade": true,
			"faces": {
				"north": {"uv": [12, 0, 16, 4], "texture": "#car_parts"},
				"east": {"uv": [12, 0, 16, 4], "texture": "#car_parts"},
				"south": {"uv": [0, 0, 4, 4], "texture": "#car_parts"},
				"west": {"uv": [12, 0, 16, 4], "texture": "#car_parts"},
				"up": {"uv": [12, 0, 16, 4], "texture": "#car_parts"},
				"down": {"uv": [12, 0, 16, 4], "texture": "#car_parts"}
			}
		},
		{
			"name": "mirror_right",
			"from": [16, 8, 2],
			"to": [18, 10, 3],
			"shade": true,
			"faces": {
				"north": {"uv": [12, 0, 16, 4], "texture": "#car_parts"},
				"east": {"uv": [12, 0, 16, 4], "texture": "#car_parts"},
				"south": {"uv": [0, 0, 4, 4], "texture": "#car_parts"},
				"west": {"uv": [12, 0, 16, 4], "texture": "#car_parts"},
				"up": {"uv": [12, 0, 16, 4], "texture": "#car_parts"},
				"down": {"uv": [12, 0, 16, 4], "texture": "#car_parts"}
			}
		},
		{
			"name": "handle_left",
			"from": [0, 5, 8],
			"to": [1, 6, 10],
			"shade": true,
			"faces": {
				"north": {"uv": [12, 0, 16, 4], "texture": "#car_parts"},
				"east": {"uv": [12, 0, 16, 4], "texture": "#car_parts"},
				"south": {"uv": [12, 0, 16, 4], "texture": "#car_parts"},
				"west": {"uv": [12, 0, 16, 4], "texture": "#car_parts"},
				"up": {"uv": [12, 0, 16, 4], "texture": "#car_parts"},
				"down": {"uv": [12, 0, 16, 4], "texture": "#car_parts"}
			}
		},
		{
			"name": "handle_right",
			"from": [15, 5, 8],
			"to": [16, 6, 10],
			"shade": true,
			"faces": {
				"north": {"uv": [12, 0, 16, 4], "texture": "#car_parts"},
				"east": {"uv": [12, 0, 16, 4], "texture": "#car_parts"},
				"south": {"uv": [12, 0, 16, 4], "texture": "#car_parts"},
				"west": {"uv": [12, 0, 16, 4], "texture": "#car_parts"},
				"up": {"uv": [12, 0, 16, 4], "texture": "#car_parts"},
				"down": {"uv": [12, 0, 16, 4], "texture": "#car_parts"}
			}
		}
	],
	"display": {
		"thirdperson_righthand": {
			"rotation": [75, 45, 0],
			"scale": [0.375, 0.375, 0.375],
			"translation": [0, 2.5, 0]
		},
		"thirdperson_lefthand": {
			"rotation": [75, 45, 0],
			"scale": [0.375, 0.375, 0.375],
			"translation": [0, 2.5, 0]
		},
		"firstperson_righthand": {
			"rotation": [0, 45, 0],
			"scale": [0.4, 0.4, 0.4],
			"translation": [0, 0, 0]
		},
		"firstperson_lefthand": {
			"rotation": [0, 225, 0],
			"scale": [0.4, 0.4, 0.4],
			"translation": [0, 0, 0]
		},
		"head": {
			"rotation": [180, 0, 0],
			"scale": [4, 4, 4],
			"translation": [0, 8, 0]
		},
		"ground": {
			"rotation": [0, 0, 0],
			"scale": [0.25, 0.25, 0.25],
			"translation": [0, 3, 0]
		},
		"fixed": {
			"rotation": [0, 90, 0],
			"scale": [0.5, 0.5, 0.5],
			"translation": [0, 0, 0]
		},
		"gui": {
			"rotation": [30, 225, 0],
			"translation": [0, 0, 0],
			"scale": [0.625, 0.625, 0.625]
		}
	}
}