{
	"credit": "Made with Blockbench, a free, modern block model editor made by JannisX11",
	"textures": {"car_parts": "car/car_parts"},
	"elements": [
		{
			"name": "light_back_left",
			"from": [2, 5, 20.5],
			"to": [4, 6, 21.5],
			"shade": true,
			"faces": {
				"north": {
					"uv": [0, 12, 4, 16],
					"texture": "#car_parts"
				},
				"east": {"uv": [0, 12, 4, 16], "texture": "#car_parts"},
				"south": {
					"uv": [0, 12, 4, 16],
					"texture": "#car_parts"
				},
				"west": {"uv": [0, 12, 4, 16], "texture": "#car_parts"},
				"up": {"uv": [0, 12, 4, 16], "texture": "#car_parts"},
				"down": {"uv": [0, 12, 4, 16], "texture": "#car_parts"}
			}
		},
		{
			"name": "light_back_right",
			"from": [12, 5, 20.5],
			"to": [14, 6, 21.5],
			"shade": true,
			"faces": {
				"north": {
					"uv": [0, 12, 4, 16],
					"texture": "#car_parts"
				},
				"east": {"uv": [0, 12, 4, 16], "texture": "#car_parts"},
				"south": {
					"uv": [0, 12, 4, 16],
					"texture": "#car_parts"
				},
				"west": {"uv": [0, 12, 4, 16], "texture": "#car_parts"},
				"up": {"uv": [0, 12, 4, 16], "texture": "#car_parts"},
				"down": {"uv": [0, 12, 4, 16], "texture": "#car_parts"}
			}
		},
		{
			"name": "light_front_left",
			"from": [2.1999999999999993, 4, -6.125],
			"to": [3.799999999999999, 6.6000000000000005, -5.125],
			"shade": true,
			"faces": {
				"north": {
					"uv": [4, 12, 8, 16],
					"texture": "#car_parts"
				},
				"east": {"uv": [4, 12, 8, 16], "texture": "#car_parts"},
				"south": {
					"uv": [4, 12, 8, 16],
					"texture": "#car_parts"
				},
				"west": {"uv": [4, 12, 8, 16], "texture": "#car_parts"},
				"up": {"uv": [4, 12, 8, 16], "texture": "#car_parts"},
				"down": {"uv": [4, 12, 8, 16], "texture": "#car_parts"}
			}
		},
		{
			"name": "light_front_right",
			"from": [12.199999999999996, 4, -6.125],
			"to": [13.799999999999997, 6.6000000000000005, -5.125],
			"shade": true,
			"faces": {
				"north": {
					"uv": [4, 12, 8, 16],
					"texture": "#car_parts"
				},
				"east": {"uv": [4, 12, 8, 16], "texture": "#car_parts"},
				"south": {
					"uv": [4, 12, 8, 16],
					"texture": "#car_parts"
				},
				"west": {"uv": [4, 12, 8, 16], "texture": "#car_parts"},
				"up": {"uv": [4, 12, 8, 16], "texture": "#car_parts"},
				"down": {"uv": [4, 12, 8, 16], "texture": "#car_parts"}
			}
		}
	],
	"display": {
		"thirdperson_righthand": {
			"rotation": [90, 0, 0],
			"scale": [2.5, 2.5, 2.5],
			"translation": [-6, -2, 2]
		},
		"thirdperson_lefthand": {
			"rotation": [75, 45, 0],
			"scale": [0.375, 0.375, 0.375],
			"translation": [0, 2.5, 0]
		},
		"firstperson_righthand": {
			"rotation": [0, 45, 0],
			"scale": [0.4, 0.4, 0.4],
			"translation": [0, 0, 0]
		},
		"firstperson_lefthand": {
			"rotation": [0, 225, 0],
			"scale": [0.4, 0.4, 0.4],
			"translation": [0, 0, 0]
		},
		"head": {
			"rotation": [180, 0, 0],
			"scale": [4, 4, 4],
			"translation": [0, 8, 0]
		},
		"ground": {
			"rotation": [0, 0, 0],
			"scale": [0.25, 0.25, 0.25],
			"translation": [0, 3, 0]
		},
		"fixed": {
			"rotation": [0, 90, 0],
			"scale": [0.5, 0.5, 0.5],
			"translation": [0, 0, 0]
		},
		"gui": {
			"rotation": [30, 225, 0],
			"translation": [0, 0, 0],
			"scale": [0.625, 0.625, 0.625]
		}
	}
}